1,159,45,153,92,129,66,86,53,178,92,201,120,145,145,88,188,58,263,191,205,237,243
2,133,27,145,66,88,102,88,102,185,90,186,47,144,142,136,211,155,280,186,206,231,272
3,142,26,152,89,102,82,102,82,209,71,249,102,153,148,79,193,33,269,219,194,263,267
4,210,40,173,90,173,90,62,23,62,23,239,121,156,136,215,176,194,269,162,197,121,257
5,121,257,121,257,121,257,121,257,121,257,121,257,121,257,121,257,121,257,121,257,121,257
6,160,44,160,44,176,104,212,136,130,63,80,87,169,129,127,189,64,265,187,178,221,238
7,180,53,165,111,110,114,58,155,194,142,231,190,163,178,70,229,129,249,159,156,148,220
8,129,45,135,116,80,106,112,102,196,100,242,60,140,161,71,243,133,221,221,156,176,239
9,144,72,143,129,107,74,124,36,195,69,164,23,170,177,99,215,196,235,157,263,217,215
10,113,40,115,94,115,106,73,127,180,72,136,85,124,131,93,173,129,189,186,190,231,269
11,132,64,139,118,92,100,50,68,164,125,202,135,152,165,100,206,59,270,209,196,236,271
12,123,21,120,74,86,86,53,127,188,52,230,61,125,122,99,180,95,225,128,194,91,280
13,190,52,183,102,159,76,120,100,253,83,213,91,186,144,131,191,75,248,230,149,228,209
14,155,59,157,104,98,80,106,39,199,124,215,162,151,144,88,166,52,230,196,200,235,263
15,158,83,155,109,108,98,67,91,207,120,229,83,161,150,122,197,74,249,213,197,220,253
16,167,46,165,93,141,110,112,110,224,81,269,78,152,149,177,125,110,175,125,208,69,263
17,158,102,138,137,89,89,46,65,207,140,247,173,125,182,99,122,107,209,183,168,144,234
18,142,38,140,79,129,34,168,23,120,54,97,67,145,117,94,146,141,178,152,186,147,259
19,180,30,185,83,118,42,160,68,232,70,251,91,169,116,99,163,97,213,113,213,54,271
20,138,31,144,83,107,89,144,96,166,86,185,110,138,123,120,179,122,244,182,188,208,266
21,141,33,153,76,136,89,105,105,198,57,176,26,144,115,145,178,128,261,144,181,130,257
22,135,117,135,117,104,54,106,26,183,125,201,89,130,158,87,198,117,226,162,202,180,260
23,141,35,142,76,118,60,163,55,180,68,157,93,157,121,94,141,170,147,167,182,162,264
24,172,32,179,85,127,52,72,54,155,78,122,93,162,123,214,129,159,174,135,189,98,261
25,180,49,176,101,196,75,240,73,207,113,235,106,171,147,115,181,72,260,185,147,148,215
26,127,30,129,82,157,40,203,21,148,90,166,110,115,130,126,210,193,260,65,159,141,169
27,147,42,143,88,150,89,115,89,170,84,185,118,146,130,148,166,163,229,163,171,167,260
28,141,43,143,94,119,103,83,97,182,81,212,49,152,129,109,172,152,158,144,192,130,276
29,137,39,142,98,100,97,73,127,193,74,239,59,148,136,89,156,164,200,137,196,169,196
30,113,69,132,121,99,147,85,206,180,88,220,62,176,147,124,196,219,265,117,193,195,175
31,129,102,130,132,74,88,116,113,184,128,227,156,138,163,52,186,92,210,197,190,266,240
32,101,59,132,106,160,73,125,96,112,132,67,117,161,141,100,106,114,152,164,211,220,265
33,123,91,144,125,154,54,118,45,125,162,77,183,151,151,84,157,116,200,208,192,244,260
34,172,52,147,90,138,103,121,141,195,97,150,112,148,146,75,170,71,239,199,181,244,251
35,146,107,159,125,155,58,99,61,165,180,146,248,185,148,107,212,169,194,214,187,251,211
36,210,61,203,111,147,89,86,103,232,136,265,187,187,156,121,192,56,241,252,169,205,196
37,141,57,142,98,93,83,90,116,133,114,106,92,144,128,84,168,59,239,205,182,257,257
38,149,34,166,76,122,93,86,140,211,59,231,32,169,131,115,182,70,259,212,141,232,231
39,143,38,144,82,105,77,86,86,151,18,124,41,127,127,119,194,115,269,170,183,209,268
40,127,108,140,134,113,82,97,41,199,96,248,77,147,184,86,208,67,266,161,189,129,233
41,219,104,200,149,234,150,260,177,248,105,231,136,155,178,224,211,160,219,102,198,34,221
42,137,46,115,95,81,89,40,93,180,97,136,115,134,147,161,189,162,264,219,186,257,261
43,147,36,148,95,100,112,58,167,203,31,151,51,150,167,235,127,195,229,240,224,132,258
44,182,58,168,107,97,96,39,108,232,77,246,31,119,160,157,165,114,253,210,179,129,246
45,104,62,152,112,98,165,92,244,212,78,191,27,191,169,140,236,216,237,123,146,142,242
46,88,109,146,137,141,85,204,46,113,197,62,233,177,180,90,189,110,250,204,237,267,220
47,99,37,96,92,36,84,44,37,167,71,225,76,125,149,156,189,187,236,200,200,250,269
48,135,32,152,75,131,100,90,105,206,95,174,123,147,141,116,183,142,246,108,182,145,249
49,149,38,143,84,126,106,112,150,181,86,178,40,143,130,162,191,162,266,129,199,128,270
50,134,56,135,98,89,107,63,141,165,48,205,29,144,135,115,188,87,264,186,193,210,260
51,160,67,163,99,104,63,47,85,211,63,252,63,159,152,98,201,161,191,198,146,150,230
52,140,71,129,103,123,53,91,31,175,103,200,124,127,118,139,199,167,254,174,151,146,169
53,144,85,149,124,112,96,61,71,203,106,245,97,144,152,106,196,106,252,178,202,215,250
54,136,68,143,98,75,76,56,106,209,62,263,72,143,112,91,160,127,205,194,191,175,251
55,161,50,187,124,109,69,145,35,187,124,233,124,162,141,101,186,56,258,200,131,189,195
56,156,53,143,95,112,39,153,19,188,92,226,85,110,129,148,161,95,165,130,207,149,263
57,127,66,128,123,96,149,66,196,157,136,147,95,153,181,75,216,195,215,182,243,256,209
58,115,49,120,85,74,86,155,85,120,110,72,113,136,142,57,166,101,207,204,189,261,264
59,188,72,175,125,154,176,156,256,214,172,197,240,130,155,82,228,73,205,226,237,153,215
60,119,71,126,97,138,139,200,135,181,81,206,132,128,166,63,163,60,224,205,159,265,237
61,174,77,172,107,134,109,89,115,226,80,257,105,163,150,121,179,130,197,140,195,87,243
62,134,79,132,102,56,111,78,63,220,102,195,162,145,174,89,221,145,226,213,170,247,246
63,142,41,138,70,109,28,157,23,164,30,117,25,163,119,96,133,160,175,159,192,149,272
64,157,47,153,89,117,49,75,49,211,79,265,75,167,155,98,185,50,262,158,220,235,210
65,145,33,149,76,115,105,83,137,195,97,206,137,153,121,115,193,91,263,195,191,227,267
66,96,80,132,96,83,128,30,158,149,68,149,38,154,146,223,130,185,196,222,183,266,236
67,169,95,181,118,140,142,205,161,186,69,211,50,180,171,126,211,51,262,249,191,219,244
68,136,31,131,71,81,39,124,24,167,78,202,89,135,123,121,183,156,266,143,144,172,188
69,142,60,147,96,101,121,58,133,175,120,185,74,153,155,124,211,132,277,194,202,202,268
70,147,46,143,97,177,58,225,55,181,82,206,100,145,134,114,184,133,237,139,211,105,271
71,150,69,152,111,92,84,155,53,193,104,112,118,150,178,73,215,155,217,192,167,231,257
72,131,43,138,85,89,108,45,67,200,102,236,61,146,133,123,185,132,250,186,179,215,258
73,138,45,135,77,105,106,71,117,176,103,193,115,143,132,120,181,129,247,181,186,203,249
74,149,95,149,125,121,70,143,30,180,63,137,78,155,193,50,221,142,254,215,128,232,244
75,150,93,153,117,98,67,47,81,171,58,230,72,149,169,101,200,97,263,209,168,234,218
76,97,68,109,116,55,121,57,73,150,100,194,114,124,145,74,142,116,185,186,174,234,226
77,90,55,85,87,67,98,42,77,147,114,196,138,115,164,94,243,167,196,183,102,256,68
78,137,62,120,106,95,83,88,23,122,27,183,51,147,176,128,262,164,275,222,220,243,231
79,153,43,142,87,114,67,106,72,202,99,168,146,121,155,54,177,68,235,207,181,259,251
80,83,73,86,111,65,84,30,68,156,90,216,76,130,156,41,200,129,250,206,182,256,180
81,92,85,74,129,27,104,49,68,129,140,169,165,95,176,94,251,122,218,185,133,265,101
82,175,130,144,155,171,190,211,217,159,185,142,206,125,138,130,193,126,270,121,74,128,33
83,138,82,126,124,93,88,51,85,207,116,258,118,140,192,70,246,162,226,98,182,134,259
84,125,28,129,64,99,106,58,120,207,69,254,36,141,142,74,172,90,260,185,199,214,243
85,144,35,146,82,135,105,107,121,135,68,97,69,151,139,94,180,73,242,195,186,228,257
86,164,85,171,122,109,132,185,139,226,101,262,60,193,191,105,239,38,259,254,175,172,238
87,145,28,152,83,104,85,70,140,163,95,216,94,156,141,207,196,101,188,192,209,119,250
88,170,73,168,103,146,59,200,62,194,61,164,39,171,151,116,197,78,255,190,209,183,257
89,111,57,116,101,87,41,158,43,164,112,181,157,118,144,109,202,137,269,80,199,163,253
90,136,87,113,123,100,61,157,87,168,141,235,138,93,180,37,205,105,231,156,231,228,264
91,124,24,140,68,127,77,74,109,187,94,200,137,142,118,106,189,86,265,183,196,199,267
92,175,24,176,67,142,98,115,127,249,81,214,123,176,126,139,175,153,235,194,194,190,271
93,77,49,95,88,44,122,96,123,150,46,208,22,169,131,199,73,243,128,218,190,250,263
94,95,91,144,83,132,47,98,41,183,97,233,124,164,135,98,175,134,246,164,173,206,194
95,134,33,144,80,84,73,47,99,185,41,211,31,145,144,130,192,150,257,188,159,153,176
96,101,52,106,83,99,127,112,176,150,45,173,89,115,146,94,183,90,221,170,195,235,252
97,79,80,102,104,50,128,75,153,152,66,193,98,149,137,104,188,165,204,215,202,244,256
98,147,47,150,87,93,48,175,38,193,97,99,111,150,167,75,227,141,232,172,175,217,260
99,114,41,122,81,128,95,174,70,154,78,139,36,116,153,46,183,80,243,206,195,255,259
100,153,53,146,88,97,71,67,34,182,74,217,65,142,160,108,216,55,261,204,193,226,252
101,150,46,148,94,104,48,78,29,202,123,250,97,132,146,74,177,61,232,146,190,181,251
102,148,47,148,94,109,70,100,32,156,101,202,123,150,140,186,149,139,187,111,208,78,267
103,136,52,123,106,103,52,139,25,146,110,182,147,122,136,107,186,172,194,127,204,145,261
104,178,70,133,92,132,42,175,35,173,144,189,189,121,153,126,226,89,258,166,175,145,238
105,136,29,119,79,102,54,63,40,120,101,84,127,118,147,170,102,231,51,150,190,83,263
106,168,109,163,131,138,83,119,53,222,120,223,158,158,162,110,171,138,198,149,212,119,255
107,172,72,141,115,101,92,74,111,179,138,204,168,128,145,103,185,112,217,132,198,110,246
108,145,72,148,110,109,68,66,75,206,128,230,185,152,165,108,163,112,242,208,208,160,204
109,174,67,158,100,150,56,116,49,189,136,150,156,134,151,110,182,117,229,160,207,192,264
110,154,102,145,122,134,94,138,58,163,134,186,150,138,161,101,179,121,213,144,211,155,256
111,154,53,156,93,114,90,129,117,179,119,179,119,130,149,133,194,126,258,166,204,201,263
112,150,72,143,106,121,119,90,86,171,63,162,33,149,142,133,209,120,266,192,184,186,217
113,157,80,156,108,144,81,144,27,200,120,172,141,160,166,118,197,123,259,163,201,175,260
114,147,55,149,96,130,117,92,143,197,119,182,70,147,163,107,200,86,255,188,211,227,266
115,142,35,145,77,94,94,58,138,177,99,200,65,152,146,122,195,101,256,206,177,221,251
116,149,50,153,94,132,121,159,173,177,122,169,168,149,144,93,180,53,250,210,177,239,237
117,157,49,184,86,134,112,80,107,206,94,243,73,198,146,130,196,54,248,268,165,241,216
118,141,75,146,104,90,109,124,124,143,48,176,19,144,153,86,183,115,217,148,211,134,279
119,180,46,171,79,176,41,143,26,220,96,229,138,178,136,121,145,133,171,162,196,107,269
120,80,84,110,111,104,86,131,89,141,126,175,111,124,174,67,196,100,231,199,198,256,242
121,152,42,135,87,109,96,93,134,123,63,118,23,148,140,104,180,121,231,176,204,182,273
122,124,88,128,124,115,156,96,194,175,69,218,32,131,209,178,161,120,256,208,260,103,240
123,155,67,153,105,111,85,67,106,192,84,222,58,163,151,109,191,46,236,205,154,253,204
124,149,62,131,92,100,81,123,62,117,114,68,156,132,141,46,141,112,171,177,184,239,236
125,144,59,160,94,114,91,91,114,174,41,129,32,154,157,229,150,147,192,209,212,136,269
126,129,82,160,120,102,151,50,153,195,90,249,40,176,197,106,233,201,237,112,157,146,237
127,126,85,131,123,58,83,85,28,185,51,145,30,140,186,89,265,150,238,195,109,245,126
128,163,68,171,101,165,74,187,46,187,109,211,116,175,156,134,203,98,271,209,142,186,234
129,144,49,143,91,96,58,161,34,227,85,167,68,139,151,77,203,137,211,217,136,249,241
130,120,54,145,81,133,118,107,108,191,67,183,108,157,141,83,189,124,262,162,179,194,232
131,206,84,174,108,148,86,95,93,221,109,247,137,134,148,100,172,50,208,206,166,201,227
132,147,79,143,112,117,111,79,125,197,135,205,202,140,167,75,203,132,222,218,158,259,225
133,83,58,103,98,102,65,130,65,130,101,175,101,118,169,53,186,87,220,201,189,263,231
134,185,51,167,68,129,48,77,74,212,64,247,81,155,119,128,159,122,261,219,166,147,204
135,165,55,177,91,142,88,199,97,163,38,197,47,157,150,97,186,54,239,213,207,258,251
136,167,36,169,73,127,108,105,152,197,51,223,32,173,139,123,202,67,262,238,136,236,211
137,122,101,115,133,97,174,75,192,163,92,213,65,106,221,154,172,87,258,174,262,102,241
138,140,63,155,94,172,45,119,40,148,126,114,176,163,149,86,173,45,240,212,205,265,246
139,120,42,124,76,70,114,100,142,170,63,218,79,147,147,159,209,128,254,226,161,196,254
140,141,29,153,58,100,71,100,95,224,70,226,104,161,131,105,160,127,254,110,175,165,222
141,198,52,185,88,143,54,117,47,245,126,259,171,169,144,127,154,64,235,234,158,192,218
142,188,65,177,91,138,48,89,49,241,131,199,132,162,147,100,182,48,235,227,175,253,244
143,146,88,151,127,109,155,70,173,203,83,214,34,180,199,192,248,225,245,239,210,271,234
144,120,61,142,91,95,119,74,110,190,58,211,22,149,159,104,195,82,249,206,185,258,235
145,109,66,105,103,59,84,46,39,90,79,82,54,138,151,61,176,124,201,189,195,258,240
146,84,81,94,126,98,57,60,25,107,173,144,240,145,166,84,210,164,206,212,186,261,245
147,172,103,154,126,173,169,213,228,139,46,178,21,149,154,104,192,54,261,215,167,255,224
148,146,31,159,64,169,67,188,68,201,81,243,86,160,138,121,184,76,264,199,189,216,266
149,127,54,120,91,84,82,96,35,171,88,216,73,137,144,86,179,64,249,135,195,180,248
150,171,45,190,85,186,131,218,183,238,70,215,80,193,139,126,178,53,250,170,188,119,227
151,161,89,165,124,159,158,182,195,153,66,198,57,158,157,114,193,60,242,224,166,249,230
152,141,37,149,82,104,98,99,152,178,112,207,134,155,142,130,189,110,265,195,170,206,246
153,159,49,156,86,116,75,136,36,140,83,131,38,160,133,129,180,154,250,168,184,152,262
154,138,44,155,93,92,107,117,146,196,122,212,175,155,175,144,129,96,226,228,225,159,225
155,146,38,154,77,143,101,150,149,182,47,130,29,154,131,126,179,125,253,176,182,197,250
156,187,50,177,92,182,102,214,92,213,72,225,30,134,109,160,181,71,196,120,181,63,260
157,159,74,153,110,152,31,101,52,218,138,186,192,157,156,111,195,76,257,213,167,253,176
158,161,46,167,82,141,106,130,64,203,100,172,130,170,156,119,152,143,230,138,203,96,258
159,140,33,144,73,119,62,61,85,165,95,201,121,160,126,113,180,80,258,157,173,214,230
160,240,70,242,109,216,116,175,108,220,99,169,106,229,163,142,172,74,220,201,194,166,240
161,151,66,154,107,124,68,94,36,199,84,201,135,173,148,138,173,163,206,204,195,225,262
162,127,58,114,93,96,51,63,83,172,108,210,132,136,137,92,192,174,160,182,200,241,262
163,150,60,154,97,114,114,88,104,192,62,165,35,150,150,138,126,129,200,189,194,153,264
164,128,75,137,102,85,89,72,121,183,55,234,28,143,152,111,186,99,229,153,194,135,253
165,147,67,137,107,106,98,63,70,201,75,162,50,141,156,120,195,132,261,180,177,157,216
166,150,36,141,77,97,37,74,28,205,97,175,121,139,145,134,193,172,262,199,154,144,176
167,139,45,145,92,169,66,210,53,120,92,102,123,146,145,210,188,246,257,107,205,64,240
168,165,27,153,66,210,106,210,106,113,90,112,47,154,142,160,211,143,280,113,206,72,274
169,156,26,146,89,196,82,196,82,89,71,49,102,148,149,219,193,265,269,79,194,35,267
170,91,41,126,89,126,89,236,23,236,23,59,121,142,136,81,176,104,273,136,197,177,257
171,177,257,177,257,177,257,177,257,177,257,177,257,177,257,177,257,177,257,177,257,237,255
172,138,44,138,44,121,104,88,135,167,64,218,87,133,129,171,189,233,265,113,176,78,238
173,118,53,133,111,188,114,240,155,104,142,68,189,135,178,228,229,169,249,139,156,150,220
174,169,45,163,116,219,107,186,102,102,100,56,60,152,169,227,243,165,221,77,156,122,239
175,154,72,154,129,191,74,174,36,103,69,134,23,128,177,199,215,102,235,143,265,81,215
176,185,40,183,95,183,106,224,127,118,72,162,85,174,131,205,173,169,189,112,190,67,269
177,166,64,159,118,206,100,248,68,134,125,96,135,146,165,198,206,239,270,89,196,62,271
178,175,21,178,74,211,88,245,127,110,52,69,60,173,122,199,180,203,225,170,194,207,280
179,108,52,115,102,139,76,178,100,45,83,85,91,112,149,169,193,222,248,68,149,69,209
180,143,60,140,104,200,80,192,39,99,124,83,162,147,144,210,166,246,230,102,200,66,262
181,140,83,143,109,190,98,226,91,91,120,69,83,137,150,176,197,224,249,85,197,78,253
182,130,47,130,94,157,110,183,111,74,81,29,78,145,149,121,125,188,175,173,208,233,257
183,140,102,160,137,208,83,252,65,91,140,51,173,173,182,200,126,191,209,115,168,158,228
184,156,38,158,79,169,34,130,23,178,53,201,67,153,117,204,146,157,178,148,187,151,259
185,118,30,113,83,180,42,136,68,63,68,47,91,128,116,199,163,201,213,185,213,244,271
186,159,30,154,83,192,90,158,98,133,87,113,110,161,124,178,179,176,244,116,188,90,266
187,157,33,148,75,162,89,195,105,100,57,123,27,154,115,153,178,169,255,155,180,168,257
188,163,117,163,117,193,55,192,26,115,125,97,89,168,158,211,198,181,226,136,202,118,260
189,157,35,156,76,177,61,135,55,119,66,143,91,141,121,209,141,128,147,131,182,136,264
190,125,33,119,85,171,52,226,54,139,78,179,93,136,123,82,129,139,174,163,189,200,268
191,119,48,119,101,100,75,58,73,91,113,63,106,121,149,184,184,231,263,116,148,150,215
192,171,30,169,82,144,39,95,21,150,85,132,110,183,130,172,210,114,269,233,159,157,169
193,153,37,155,88,148,89,183,89,128,84,113,118,152,130,150,166,135,229,135,171,130,257
194,157,43,155,94,179,103,213,97,118,81,86,49,146,129,189,172,142,157,154,192,168,276
195,161,39,156,98,198,97,225,127,104,74,59,59,150,136,209,156,134,200,159,198,132,197
196,185,69,166,121,199,147,213,206,118,88,78,62,122,147,174,196,79,267,181,193,103,175
197,169,102,168,132,228,82,182,113,112,128,71,156,160,163,246,186,206,210,101,190,32,240
198,197,59,166,106,138,73,173,96,186,132,233,115,137,141,198,106,184,152,134,211,78,265
199,174,88,154,125,144,54,181,46,172,163,221,183,147,151,213,156,182,200,90,192,54,260
200,126,52,152,88,160,103,174,141,103,97,148,112,150,146,223,170,227,239,99,181,54,251
201,148,104,139,125,143,58,199,61,133,180,152,248,113,148,191,212,129,194,84,187,48,217
202,88,61,95,111,152,88,212,103,66,136,33,187,111,156,177,192,237,236,46,169,93,196
203,159,61,156,98,212,76,208,116,165,114,193,91,154,128,219,168,239,239,87,180,45,257
204,148,35,131,76,176,93,212,140,87,59,67,32,124,131,183,182,228,259,86,147,65,228
205,155,38,154,82,195,84,212,86,147,18,177,42,171,127,179,194,183,269,128,183,89,268
206,171,108,158,134,185,82,199,41,99,96,50,77,151,184,212,208,231,266,137,189,169,233
207,82,102,98,149,64,150,38,177,50,105,70,139,143,178,74,211,140,219,196,198,266,227
208,161,46,183,95,218,88,259,94,118,97,162,115,164,147,131,186,136,264,76,186,41,261
209,151,36,148,94,197,112,240,167,95,31,147,51,152,168,63,127,103,229,58,224,166,258
210,116,58,130,107,201,96,257,111,72,75,52,31,179,160,150,174,184,253,88,179,169,246
211,194,62,146,112,200,165,202,242,86,78,107,27,107,169,158,236,82,237,175,146,156,242
212,210,109,152,140,157,85,94,46,185,197,236,233,121,180,207,189,188,250,94,237,31,220
213,203,35,204,94,262,84,253,34,131,71,77,72,173,149,141,190,111,236,98,200,48,269
214,165,34,146,75,167,101,207,104,92,95,119,128,151,141,188,189,156,246,190,182,157,255
215,149,38,155,84,172,106,186,150,117,86,120,40,155,134,142,194,136,266,169,199,170,270
216,160,58,163,98,208,104,235,141,133,48,93,29,154,135,183,188,211,264,112,193,91,259
217,138,67,135,99,197,63,243,79,84,56,46,63,139,152,212,201,137,191,100,146,148,230
218,158,71,169,103,175,53,207,31,123,103,98,124,171,118,159,199,131,254,124,152,154,168
219,155,91,149,120,187,86,237,71,95,106,53,97,154,152,193,202,192,252,120,202,83,250
220,162,68,160,96,221,75,242,106,86,62,35,72,155,112,207,160,171,205,103,191,128,246
221,137,49,111,124,191,67,153,35,111,124,65,124,131,141,197,186,238,258,98,132,109,195
222,142,53,155,95,180,33,145,19,110,92,72,85,188,129,150,161,208,170,168,207,151,264
223,171,66,170,123,202,149,232,196,145,140,151,95,145,178,223,216,98,218,116,243,40,209
224,183,49,177,86,224,86,144,84,180,115,226,113,162,142,240,166,191,205,94,189,34,264
225,112,72,123,125,144,176,142,256,84,172,101,240,169,160,215,228,225,205,72,237,145,215
226,179,71,172,97,160,139,98,135,117,81,92,132,170,166,246,163,238,224,93,159,33,237
227,124,77,126,107,168,109,209,115,72,80,41,105,135,150,177,179,168,197,158,195,211,243
228,168,77,166,102,245,104,222,59,78,102,103,162,153,174,209,221,144,226,85,170,51,246
229,155,41,160,70,189,28,130,23,134,30,181,25,135,119,202,133,138,175,139,192,149,272
230,141,47,145,89,181,49,224,48,89,85,33,75,131,155,200,185,248,262,140,220,62,210
231,151,29,149,76,183,105,215,137,103,97,92,137,145,121,183,193,207,263,103,191,71,267
232,199,80,161,99,215,128,268,158,150,69,149,38,139,145,74,130,113,196,68,184,32,242
233,134,95,117,118,157,143,93,161,112,69,87,50,119,170,172,211,246,262,49,191,79,244
234,162,31,169,65,217,39,171,24,131,78,100,88,162,123,175,184,142,266,155,144,126,188
235,156,60,151,96,197,121,240,133,123,120,113,74,145,155,174,211,166,277,99,202,96,268
236,151,46,155,97,121,58,73,55,117,82,92,100,153,134,186,186,165,237,152,200,193,271
237,148,69,146,111,205,84,143,53,104,104,187,121,148,178,225,215,148,222,106,167,67,257
238,167,43,160,85,211,106,253,67,98,102,62,61,153,136,175,185,166,250,112,179,84,259
239,156,43,161,78,193,106,227,117,120,101,105,115,155,132,178,181,169,247,118,185,100,254
240,149,95,149,125,182,75,155,30,118,63,161,78,143,193,248,221,156,254,87,128,64,246
241,148,93,145,117,198,66,251,81,127,58,73,67,149,169,195,200,199,261,87,170,58,217
242,201,68,190,113,243,121,241,73,148,100,109,119,174,145,224,142,182,185,112,174,69,226
243,208,55,217,91,231,98,256,77,153,118,100,134,183,164,203,243,131,196,115,102,43,71
244,167,59,178,106,203,83,210,23,176,27,115,51,151,176,170,262,134,275,76,220,42,225
245,145,43,156,87,173,67,192,72,96,99,130,146,177,155,249,177,230,235,91,181,39,251
246,215,73,212,111,232,81,268,68,142,90,82,76,168,156,257,203,169,250,92,182,42,180
247,209,82,224,129,271,104,249,68,169,140,129,165,192,176,210,250,181,218,111,134,33,101
248,123,130,154,155,127,190,87,217,137,185,156,206,173,138,171,190,172,270,177,74,170,33
249,160,82,172,124,207,90,246,84,91,116,40,118,158,192,228,246,134,226,200,182,159,259
250,168,28,169,64,199,108,240,120,87,69,44,36,153,142,224,172,208,260,130,199,84,243
251,154,35,152,82,163,105,199,113,163,68,201,69,147,139,203,180,221,242,103,186,70,257
252,134,85,127,122,189,132,113,139,72,101,36,60,105,191,193,239,260,259,44,175,126,238
253,153,28,146,83,194,85,228,140,135,95,73,94,142,141,96,194,189,188,106,209,177,250
254,132,71,130,103,152,59,98,62,104,61,134,39,128,157,182,197,220,255,108,209,115,257
255,184,57,182,101,211,41,140,43,134,112,120,156,177,146,189,202,161,269,218,199,126,253
256,162,87,185,123,198,61,141,87,130,141,63,138,205,175,263,207,193,231,141,231,62,263
257,174,24,158,68,171,77,224,109,111,94,98,137,156,118,192,189,216,265,115,196,99,267
258,123,24,122,67,156,98,183,127,49,81,94,123,132,126,159,175,148,225,104,194,108,271
259,221,49,202,88,254,122,202,123,148,46,90,22,129,131,99,73,55,128,85,186,48,263
260,203,91,157,89,173,45,200,41,120,97,65,124,134,135,200,170,164,246,132,173,92,194
261,155,42,154,80,214,73,251,99,118,41,87,31,158,144,168,192,148,257,110,159,145,176
262,197,52,193,83,195,127,186,176,144,45,125,89,183,146,201,184,208,221,128,195,65,255
263,218,80,191,104,247,127,223,153,146,66,105,98,147,133,194,188,129,204,88,192,46,262
264,152,46,152,90,210,43,123,38,110,102,199,111,156,182,223,227,162,227,126,175,81,260
265,179,36,176,81,169,95,124,70,144,78,159,36,180,150,252,183,224,242,92,195,43,259
266,144,53,152,93,201,71,230,34,116,74,86,60,151,160,190,216,236,261,94,193,72,252
267,148,46,150,94,194,48,220,29,96,123,44,97,166,146,224,177,237,232,152,190,117,251
268,150,47,150,94,189,70,198,32,137,99,91,123,148,140,108,149,149,197,187,208,220,267
269,167,60,175,106,195,52,156,26,153,111,116,147,176,136,191,186,125,194,171,204,151,263
270,125,66,165,92,166,42,123,35,125,144,109,189,177,153,169,229,211,260,132,175,153,238
271,162,29,179,79,196,58,235,40,178,101,214,127,180,147,133,107,67,51,149,191,215,263
272,130,109,135,131,160,83,179,53,76,120,75,158,140,162,188,171,160,198,149,212,179,255
273,126,72,157,115,197,92,224,111,119,138,94,168,173,145,195,185,186,217,166,198,188,246
274,153,72,151,113,189,74,232,75,89,128,68,185,146,165,190,163,186,242,87,208,138,204
275,125,61,140,100,148,56,182,49,109,136,148,156,164,151,188,182,181,229,138,207,106,264
276,144,102,152,122,164,94,160,58,135,134,112,150,158,161,198,178,176,213,151,208,143,256
277,144,53,144,93,184,90,169,117,120,118,120,118,167,150,165,194,172,258,127,199,101,260
278,148,72,155,106,177,119,208,86,122,64,136,33,149,142,164,209,178,266,106,184,112,217
279,141,80,143,113,154,81,154,27,98,120,126,141,138,166,180,197,175,259,135,201,123,260
280,150,55,149,96,168,117,206,143,101,119,118,71,151,163,191,200,210,255,110,211,71,266
281,156,35,155,80,209,96,240,138,121,99,98,65,153,147,175,195,197,256,92,184,77,251
282,149,50,145,94,166,121,139,173,126,121,125,164,146,150,205,180,248,252,89,176,57,235
283,141,49,114,86,164,112,214,109,92,95,55,73,100,147,169,195,251,256,29,164,57,216
284,158,74,152,104,209,110,175,123,151,48,122,19,153,155,212,183,182,218,150,211,165,278
285,118,46,124,80,121,40,156,22,78,97,69,138,119,137,177,145,164,176,136,196,193,267
286,218,84,188,111,195,85,167,89,157,126,123,111,174,175,232,195,200,227,99,198,42,242
287,146,42,163,87,189,96,207,132,175,62,181,20,150,140,195,179,177,231,122,204,124,276
288,178,87,171,125,183,156,202,194,124,68,80,32,167,209,121,164,178,256,90,260,195,240
289,138,61,145,105,188,86,231,106,106,84,76,58,135,151,189,191,252,236,93,154,45,204
290,150,64,167,92,199,82,199,82,181,114,231,157,168,139,253,140,185,172,121,185,61,234
291,154,59,140,97,184,91,212,113,124,41,168,28,144,157,70,149,153,190,89,212,162,269
292,169,82,138,120,196,151,248,153,103,90,50,39,128,191,194,231,100,238,186,157,152,237
293,171,84,167,123,240,83,206,28,113,51,149,28,158,186,209,264,148,239,103,115,52,127
294,139,68,127,101,135,72,111,46,112,110,87,116,123,156,164,203,200,271,89,142,105,234
295,155,48,157,89,202,58,135,30,74,85,131,68,160,153,223,199,164,207,82,133,50,243
296,176,57,155,81,164,118,191,108,106,66,115,108,142,142,215,188,175,263,134,179,105,231
297,97,88,125,109,150,86,203,93,79,111,52,140,159,148,197,171,248,208,93,168,97,227
298,150,79,155,112,183,109,219,125,99,134,94,201,160,166,221,206,166,222,81,156,39,225
299,217,56,195,98,200,62,166,65,165,101,124,108,180,169,247,183,208,220,97,185,35,231
300,113,51,130,68,169,48,222,75,85,65,50,80,143,119,167,162,179,252,79,166,153,201
301,133,55,121,91,156,88,102,96,135,38,101,47,141,150,206,185,244,239,87,212,37,254
302,131,36,130,72,173,109,193,152,101,51,75,32,125,139,170,196,230,261,64,138,62,211
303,181,97,178,134,201,174,224,191,135,92,90,66,194,217,144,172,210,260,120,262,196,241
304,159,62,144,95,126,45,179,40,150,126,182,178,136,155,212,173,253,240,86,205,35,248
305,178,42,175,77,229,116,199,140,128,63,80,79,150,147,132,209,169,255,72,161,102,254
306,157,29,148,61,198,71,198,95,75,71,72,104,137,131,194,159,171,254,179,175,134,221
307,99,57,113,89,155,54,181,47,54,125,39,172,130,151,171,154,233,234,63,159,108,218
308,110,66,121,91,160,48,208,50,58,130,99,132,136,147,199,181,254,242,71,175,45,244
309,152,88,144,127,190,156,228,173,95,83,85,33,119,197,106,250,70,245,52,212,27,234
310,177,65,159,92,203,119,224,110,109,59,89,22,149,159,195,194,216,249,92,185,43,237
311,190,65,193,102,239,80,252,39,211,83,216,54,154,147,237,176,174,201,106,195,46,242
312,219,81,205,126,200,53,238,25,191,173,153,241,154,163,215,212,134,206,86,186,37,245
313,124,103,144,126,125,169,89,228,160,45,120,21,148,153,194,192,244,261,75,165,38,224
314,152,31,139,64,128,66,105,68,97,81,56,85,132,141,172,184,222,264,99,189,80,264
315,168,54,178,91,214,82,202,36,127,88,82,73,162,145,212,179,234,249,160,195,118,248
316,127,45,110,83,112,131,81,183,56,70,83,80,105,139,175,178,246,249,128,188,179,227
317,134,89,132,123,139,158,116,195,145,66,96,55,140,157,182,192,239,243,77,164,51,225
318,156,36,150,81,194,98,196,149,120,112,91,134,143,143,169,186,179,265,103,171,92,246
319,137,44,146,86,183,76,164,32,158,83,167,36,141,136,171,182,144,250,130,184,146,262
320,161,45,143,93,209,104,185,146,107,124,87,174,143,175,154,129,202,226,68,228,137,224
321,152,38,144,77,155,101,148,149,119,47,168,28,140,128,170,185,173,253,119,182,101,250
322,113,50,122,87,118,102,76,93,83,71,76,30,158,115,137,181,227,196,176,179,238,258
323,137,73,144,110,146,31,197,52,80,138,111,191,141,156,187,195,221,253,85,169,41,180
324,138,44,131,82,157,106,171,67,95,100,124,131,127,156,179,152,156,231,160,202,202,258
325,159,32,154,73,179,62,236,84,133,95,97,121,138,126,185,180,218,258,141,173,84,230
326,58,70,54,110,82,121,123,108,78,101,123,106,69,164,156,172,223,220,97,194,133,239
327,147,66,145,106,175,66,204,36,99,84,97,135,125,148,160,173,135,206,92,200,66,269
328,169,56,184,93,202,51,235,83,127,105,88,132,162,137,206,192,124,160,117,199,57,262
329,151,57,144,97,181,111,210,104,106,62,132,35,148,150,160,126,169,200,109,194,145,264
330,172,76,164,100,213,90,226,121,115,56,64,28,156,153,188,185,202,229,143,196,163,253
331,154,67,158,107,192,98,235,70,97,75,133,50,157,156,174,195,166,261,118,177,138,216
332,146,37,157,77,199,37,223,27,95,98,123,121,160,144,164,193,127,261,97,156,153,176
